{
    "Camera": {
        "Speed": 50.0,
        "Position": [
            -0.006029494572430849,
            9.417341232299805,
            40.099220275878908
        ],
        "Yaw": -89.9000015258789,
        "Pitch": -0.30000001192092898
    },
    "GameObjects": [
        {
            "MeshFile": "",
            "SubMeshArray": [
                {
                    "Material": {}
                }
            ],
            "Position": [
                0.0,
                20.0,
                -40.0
            ],
            "Rotation": [
                0.0,
                4.147626876831055,
                0.0
            ],
            "Scale": [
                5.0,
                5.0,
                5.0
            ]
        }
    ]
}