{
    "Camera": {
        "Speed": 100.0,
        "Position": [
            -9.02012825012207,
            57.6575813293457,
            230.3890838623047
        ],
        "Yaw": -86.39999389648438,
        "Pitch": -15.0
    },
    "GameObjects": [
        {
            "MeshFile": "res/models/monkey3.obj",
            "Position": [
                0.0,
                0.0,
                0.0
            ],
            "Rotation": [
                0.0,
                9.800128936767579,
                0.0
            ],
            "Scale": [
                7.0,
                7.0,
                7.0
            ]
        },
        {
            "MeshFile": "",
            "Position": [
                0.0,
                0.0,
                0.0
            ],
            "Rotation": [
                0.0,
                9.800128936767579,
                0.0
            ],
            "Scale": [
                10.0,
                10.0,
                10.0
            ]
        },
        {
            "MeshFile": "res/models/rock/rock.obj",
            "Position": [
                0.0,
                0.0,
                0.0
            ],
            "Rotation": [
                0.0,
                0.0,
                0.0
            ],
            "Scale": [
                7.0,
                7.0,
                7.0
            ]
        }
    ]
}