{
    "Camera": {
        "Speed": 100.0,
        "Position": [
            -127.30619812011719,
            74.80291748046875,
            250.6954803466797
        ],
        "Yaw": -65.19995880126953,
        "Pitch": -12.500000953674317
    },
    "GameObjects": [
        {
            "Position": [
                0.0,
                0.0,
                0.0
            ],
            "Rotation": [
                -0.0,
                0.014609746634960175,
                -0.0,
                -0.9998932480812073
            ],
            "Scale": [
                7.0,
                7.0,
                7.0
            ]
        },
        {
            "Position": [
                0.0,
                0.0,
                0.0
            ],
            "Rotation": [
                -0.0,
                0.014609746634960175,
                -0.0,
                -0.9998932480812073
            ],
            "Scale": [
                10.0,
                10.0,
                10.0
            ]
        },
        {
            "Position": [
                0.0,
                0.0,
                0.0
            ],
            "Rotation": [
                0.0,
                0.0,
                0.0,
                1.0
            ],
            "Scale": [
                7.0,
                7.0,
                7.0
            ]
        }
    ]
}