{
    "Camera": {
        "Speed": 100.0,
        "Position": [
            0.0,
            10.0,
            80.0
        ]
    },
    "GameObjects": [
        {
            "Position": [
                0.0,
                0.0,
                0.0
            ],
            "Rotation": [
                -0.0,
                0.9992316961288452,
                -0.0,
                -0.03919233754277229
            ],
            "Scale": [
                7.0,
                7.0,
                7.0
            ]
        },
        {
            "Position": [
                0.0,
                0.0,
                0.0
            ],
            "Rotation": [
                -0.0,
                0.9992316961288452,
                -0.0,
                -0.03919233754277229
            ],
            "Scale": [
                10.0,
                10.0,
                10.0
            ]
        },
        {
            "Position": [
                0.0,
                0.0,
                0.0
            ],
            "Rotation": [
                0.0,
                0.0,
                0.0,
                1.0
            ],
            "Scale": [
                7.0,
                7.0,
                7.0
            ]
        }
    ]
}