{
    "Camera": {
        "Speed": 100.0,
        "Position": [
            26.29203987121582,
            31.71183204650879,
            67.00871276855469
        ],
        "Yaw": -103.699951171875,
        "Pitch": -23.300006866455079
    },
    "GameObjects": [
        {
            "MeshFileName": "/Users/nyan/Desktop/Workspace/NxEngine/res/models/monkey3.obj",
            "Position": [
                0.0,
                0.0,
                0.0
            ],
            "Rotation": [
                -0.0,
                0.8770248889923096,
                -0.0,
                -0.48044487833976748
            ],
            "Scale": [
                7.0,
                7.0,
                7.0
            ]
        },
        {
            "MeshFileName": "",
            "Position": [
                0.0,
                0.0,
                0.0
            ],
            "Rotation": [
                -0.0,
                0.8770248889923096,
                -0.0,
                -0.48044487833976748
            ],
            "Scale": [
                10.0,
                10.0,
                10.0
            ]
        },
        {
            "MeshFileName": "/Users/nyan/Desktop/Workspace/NxEngine/res/models/rock/rock.obj",
            "Position": [
                0.0,
                0.0,
                0.0
            ],
            "Rotation": [
                0.0,
                0.0,
                0.0,
                1.0
            ],
            "Scale": [
                7.0,
                7.0,
                7.0
            ]
        }
    ]
}