{
    "Camera": {
        "Speed": 100.0,
        "Position": [
            10.803998947143555,
            97.65347290039063,
            243.849365234375
        ],
        "Yaw": -90.00001525878906,
        "Pitch": -18.799999237060548
    },
    "GameObjects": [
        {
            "MeshFile": "res/models/rock/rock.obj",
            "Position": [
                0.0,
                0.0,
                0.0
            ],
            "Rotation": [
                0.0,
                0.0,
                0.0
            ],
            "Scale": [
                7.0,
                7.0,
                7.0
            ]
        }
    ]
}